x_off_mm,sum,cx_mm,cy_mm,r_centroid_mm,rms_radius_mm,ee50_mm
0.0,0.9999999403953552,1.754961081058138e-09,-2.444076642367829e-09,3.008886676130683e-09,0.007932031385165343,0.009882114814404116
1.0,1.0,-0.02535007476206288,-1.2983036867374446e-09,0.025350074762062913,0.007931646308453366,0.009550648796597963
2.0,1.0,-0.050700235722075604,3.208270982762312e-10,0.050700235722075604,0.007929925354745767,0.009220474948308464
