x_off_mm,sum,cx_mm,cy_mm,r_centroid_mm,rms_radius_mm,ee50_mm
-1.0,1.0,0.025610167407626255,1.9874960344599497e-09,0.02561016740762633,0.004391507978126298,0.004011236765577348
0.0,1.0,-9.477389539391118e-10,-1.5148543753380838e-09,1.7868947655904467e-09,0.004425126692333389,0.0044194177834274255
1.0,0.9999998807907104,-0.025610172387997877,6.35304862268492e-10,0.025610172387997884,0.004391508149764975,0.004011232589709065
