x_off_mm,sum,cx_mm,cy_mm,r_centroid_mm,rms_radius_mm,ee50_mm
0.0,1.0,0.003125001381521031,0.0031249990455407333,0.0044194176843945,0.007878907574002935,0.0062500013815211045
1.0,1.0,-0.022225076933000312,0.003124999258352546,0.02244369989646285,0.007882267856448619,0.006600076933000354
2.0,1.0,-0.047575236516649966,0.0031249998504335966,0.047677759528740385,0.007879602099717022,0.006950236516649966
