sum,cx_mm,cy_mm,r_centroid_mm,rms_radius_mm,ee50_mm
5.333676815032959,0.0032351756932238514,0.003125000618153686,0.004497998513726672,0.007873129754751278,0.006360175693223882
