sum,cx_mm,cy_mm,r_centroid_mm,rms_radius_mm,ee50_mm
14.006537437438965,-0.002445557447228636,7.014401151614342e-11,0.002445557447228637,0.2247822831707138,0.0596072065202578
