sum,cx_mm,cy_mm,r_centroid_mm,rms_radius_mm,ee50_mm
8.037442207336426,0.00011017688362467688,1.4474284353964732e-09,0.00011017688363418455,0.007932518814992498,0.00977765633121235
