sum,cx_mm,cy_mm,r_centroid_mm,rms_radius_mm,ee50_mm
3.9967358112335205,4.345800183624641e-06,-9.100554510058696e-10,4.345800278912146e-06,0.004425269721247049,0.004416346150685992
