sum,cx_mm,cy_mm,r_centroid_mm,rms_radius_mm,ee50_mm
8.695741653442383,-1.4934562361958954e-05,-1.8072508331934545e-10,1.4934562363052443e-05,0.012958891502944067,0.009867950705511152
