x_off_mm,y_off_mm,sum,cx_mm,cy_mm,r_centroid_mm,rms_radius_mm,ee50_mm
-1.0,-1.0,0.9999999403953552,0.025610183944494436,0.025610182495851192,0.03621826844482827,0.004357685449875623,0.004502875533516521
-1.0,0.0,1.0,0.025610167407626255,1.9874960344599497e-09,0.02561016740762633,0.004391507978126298,0.004011236765577348
-1.0,1.0,0.9999999403953552,0.025610183412793055,-0.025610184790131912,0.03621826969116007,0.004357684845842294,0.0045028758218485475
0.0,-1.0,0.9999999403953552,7.972176283135657e-10,0.02561016840121556,0.025610168401215574,0.004391540493733732,0.004011235215348948
0.0,0.0,1.0,-9.477389539391118e-10,-1.5148543753380838e-09,1.7868947655904467e-09,0.004425126692333389,0.0044194177834274255
0.0,1.0,0.9999999403953552,-3.6887288310558054e-09,-0.025610170276502798,0.025610170276503065,0.004391540038541153,0.004011236292311115
1.0,-1.0,1.0,-0.025610186179435064,0.025610182329725898,0.03621826990770171,0.0043576851313461345,0.004502874147519669
1.0,0.0,0.9999998807907104,-0.025610172387997877,6.35304862268492e-10,0.025610172387997884,0.004391508149764975,0.004011232589709065
1.0,1.0,0.9999998807907104,-0.025610185948422858,-0.02561018560936319,0.03621827206340508,0.0043576850332332755,0.004502876997032418
