N,sum,cx_mm,cy_mm,r_centroid_mm,rms_radius_mm,ee50_mm
50,1.0,-0.007682704888009087,5.210881681187653e-09,0.0076827048880108535,0.0741900326363308,0.05801305179431928
100,1.0,-0.006133645952117918,1.3245013993998939e-10,0.00613364595211792,0.0732021295012499,0.05957337350379482
400,1.0,-0.003060232980369903,5.91103343843772e-10,0.00306023298036996,0.07219559464723199,0.060293415927426736
1600,1.0,-0.0015285885951087153,1.1308522116874875e-09,0.0015285885951091336,0.07167855387574378,0.059557087286915125
3200,1.0,-0.0010539154826190176,-2.3753437385028208e-12,0.0010539154826190176,0.0715317021063588,0.059955242246424706
6400,1.0,-0.0007639323547220318,1.549349098300799e-10,0.0007639323547220476,0.07142001443341077,0.05999617595638971
