N,sum,cx_mm,cy_mm,r_centroid_mm,rms_radius_mm,ee50_mm
50,1.0,-0.003790145316270358,0.003124994860809238,0.0049123104949229624,0.06683086135968504,0.05338067333505711
100,0.9999999403953552,-0.0023946946282418563,0.0031249926435388767,0.003937021892840132,0.06592052894696458,0.0533433679466486
400,1.0,0.00037168500161897586,0.0031249964284462803,0.003147022786417427,0.06500917681610187,0.0534966850016191
1600,1.0000001192092896,0.0017498576981048283,0.0031250006563563124,0.0035815682411262403,0.0645492411964706,0.0538982506052577
3200,1.0,0.0021769098585556535,0.003125000167617564,0.0038084856019009183,0.06441605210362934,0.053740252497161856
6400,1.0,0.0024377911862537797,0.003124999957872898,0.003963388777861973,0.06431487635353454,0.05364517762349626
