N,sum,cx_mm,cy_mm,r_centroid_mm,rms_radius_mm,ee50_mm
50,0.9999999403953552,-0.00033830405952457596,3.42834048257939e-09,0.0003383040595419472,0.014961626677163572,0.009561773891268546
100,0.9999999403953552,-0.00017445947196017728,2.94390946957189e-09,0.00017445947198501573,0.01383808089741654,0.009716766571688228
400,1.0,-3.6641911106016604e-05,-1.179319042489852e-09,3.6641911124994784e-05,0.012669449999088042,0.009847362561908091
1600,1.0000001192092896,-6.64650941504452e-06,-2.6843974451934776e-09,6.646509957132773e-06,0.012107538938535514,0.009875811629789146
3200,1.0,-2.3716094176510355e-06,1.8925447875619064e-09,2.3716101727764738e-06,0.011956094620006609,0.009879867211635435
6400,1.0,-5.220653946477923e-07,2.2480151067879412e-10,5.22065443047588e-07,0.01184373504146119,0.009881622343592841
