N,sum,cx_mm,cy_mm,r_centroid_mm,rms_radius_mm,ee50_mm
50,1.0,-0.001888457293762258,-2.487468014905495e-11,0.0018884572937622583,0.026111870812564195,0.005907654288450259
100,1.0,-0.0014137898630906419,2.8746626414387767e-09,0.0014137898630935644,0.02455209250542391,0.005510558627575261
400,1.0,-0.0006559052908087903,5.3940610201571985e-09,0.0006559052908309702,0.022820088043607925,0.00490519148769713
1600,0.9999999403953552,-0.00031618870312103754,-2.972740455361978e-10,0.0003161887031211773,0.021998539202651133,0.004648376764898767
3200,0.9999998807907104,-0.0002158297737723761,9.532358253162544e-11,0.00021582977377239716,0.02177072069816432,0.004574578578743225
6400,1.0,-0.0001552681042108501,9.518610634413313e-10,0.00015526810421376776,0.021600085820586465,0.004530539679181234
