lambda_nm,sum,cx_mm,cy_mm,r_centroid_mm,rms_radius_mm,ee50_mm
450.0,1.0,0.003138505372044165,0.0031250017505954023,0.004428978653321148,0.003096253567994782,1.3505372157623005e-05
550.0,1.0,0.0033067548054532383,0.0031249992211087375,0.004549752463081733,0.012337330071183983,0.012501320543727547
650.0,1.0,0.0034036429069617567,0.0031250001688038153,0.0046206505054088385,0.01864970120322362,0.017875785822271967
