lambda_nm,sum,cx_mm,cy_mm,r_centroid_mm,rms_radius_mm,ee50_mm
450.0,1.0,1.3505341485142708e-05,2.933666109952021e-09,1.3505341803772072e-05,0.004419396713885476,0.0044098800828807445
550.0,1.0,0.00018175489217355824,-2.6361703952538487e-10,0.0001817548921737494,0.01235612627027957,0.010054709713436626
650.0,1.0,0.00027864262906653926,1.755980252263868e-10,0.0002786426290665946,0.018671835217181725,0.017983361928848033
