lambda_nm,sum,cx_mm,cy_mm,r_centroid_mm,rms_radius_mm,ee50_mm
430.0,1.0,-0.0001419061947103722,1.899707059954507e-11,0.00014190619471037347,0.01078937538803968,0.00974759693968447
460.0,1.0,-7.105765857886616e-05,3.104787538188345e-09,7.105765864669633e-05,0.0066590415635263325,0.004469942969663947
490.0,1.0,-1.2788442023747588e-05,2.280279431923379e-09,1.2788442227043432e-05,0.004586540817036818,0.004428467799945775
520.0,1.0,3.5715087233256825e-05,8.723645804645912e-10,3.5715087243910866e-05,0.004423025988175388,0.00439423619352984
550.0,0.9999999403953552,7.651118759371189e-05,2.467823070944012e-09,7.651118763351097e-05,0.006099941098138225,0.004473844371499706
580.0,0.9999998807907104,0.00011116292623259793,1.6539049435644056e-09,0.0001111629262449015,0.007984203550266196,0.009776721945130906
610.0,1.0,0.00014082742745813448,1.8881110013007274e-10,0.00014082742745826106,0.009798357907598766,0.009838491114114148
640.0,1.0,0.00016643112485326128,5.529727806837144e-11,0.00016643112485327047,0.01139995591028723,0.009936002460067974
670.0,1.0,0.00018867178887376195,-2.0653715182344587e-09,0.00018867178888506666,0.012805410687181131,0.010061285007089112
