OD,sum,cx_mm,cy_mm,r_centroid_mm,rms_radius_mm,ee50_mm
1.5875,1.0,1.5841145068407102e-05,5.587935447476031e-10,1.5841145078262774e-05,0.004419388925636498,0.004408230628909915
3.175,1.0,4.345706656749826e-06,-8.628376234419151e-10,4.345706742407789e-06,0.004425269830004703,0.004416346183362164
6.35,0.9999998807907104,-0.0002158297737723761,9.532358253162544e-11,0.00021582977377239716,0.02177072069816432,0.004574578578743225
12.7,1.0,-0.0024455570585990164,1.1073454451108825e-10,0.002445557058599019,0.2247822648226243,0.05960720624827322
